source	target	category	note
乐高星际大战	乐高星球大战	franchise	LEGO China
星际大战	星球大战	franchise	Mainland official title
路克·天行者	卢克·天行者	character	LEGO China
莉亚·欧嘉纳	莱娅·奥加纳	character	LEGO China
莉亚公主	莱娅公主	character	LEGO China
韩·索罗	汉·索罗	character	LEGO China
丘巴卡	楚巴卡	character	LEGO China 2026 terminology
欧比王·肯诺比	欧比旺·克诺比	character	LEGO China
安纳金·天行者	阿纳金·天行者	character	LEGO China
安纳金	阿纳金	character	LEGO China
亚苏卡·谭诺	阿索卡·塔诺	character	LEGO China
亚苏卡	阿索卡	character	LEGO China
白卜庭皇帝	帕尔帕廷皇帝	character	LEGO China
希夫·白卜庭	希夫·帕尔帕廷	character	Mainland standard
白卜庭	帕尔帕廷	character	LEGO China
凯罗·忍	凯洛·伦	character	LEGO China
班·索罗	本·索罗	character	LEGO China
史诺克	斯努克	character	LEGO China
芮	蕾伊	character	LEGO China
韩	汉	character	Mainland standard short form of Han Solo
凯罗	凯洛	character	Mainland standard short form of Kylo Ren
欧嘉纳	奥加纳	character	LEGO China
阿丘	楚伊	character	Mainland Chewie nickname
莉亚	莱娅	character	LEGO China
路克	卢克	character	LEGO China
韩·索罗	汉·索罗	character	LEGO China
蓝多·卡瑞辛	兰多·卡瑞辛	character	LEGO China
帕米·艾米达拉	帕德梅·阿米达拉	character	Mainland standard
帕米	帕德梅	character	Mainland standard
奎刚·金	魁刚·金	character	LEGO China
魅使·云杜	梅斯·温杜	character	Mainland standard
杜酷伯爵	杜库伯爵	character	Mainland standard
杜酷	杜库	character	Mainland standard
葛理维斯将军	格里弗斯将军	character	Mainland standard
葛理维斯	格里弗斯	character	Mainland standard
达斯·魔	达斯·摩尔	character	LEGO China
达斯·西帝	达斯·西迪厄斯	character	LEGO China
强格·费特	詹戈·费特	character	Mainland standard
卡西恩·安道尔	卡西安·安多	character	LEGO China
卡西恩安道尔	卡西安·安多	character	LEGO China; source sometimes omits separator
安道尔	安多	character	LEGO China; Cassian surname and series title
丁·贾林	丁·贾伦	character	LEGO China
格罗古	古古	character	LEGO China
贾霸	贾巴	character	LEGO China
波·戴姆伦	波·达默龙	character	Mainland standard
萝丝·蒂科	罗丝·蒂科	character	Mainland standard
亚汶	雅文	place	Mainland standard
艾岱伦星	奥德朗	place	Mainland standard
那卜星	纳布	place	Mainland standard
科罗森	科洛桑	place	Mainland standard
卡须克星	卡希克	place	Mainland standard
达可巴	达戈巴	place	Mainland standard
卡密诺	卡米诺	place	Mainland standard
吉诺西斯	吉奥诺西斯	place	Mainland standard
尤它堡	尤塔帕	place	Mainland standard
塔可唐纳	塔科达纳	place	Mainland standard
科瑞特星	克雷特	place	Mainland standard
厄西戈	埃克西戈	place	Mainland standard
奇基米	基吉米	place	Mainland standard
阿克托星	阿赫托	place	Mainland standard
千年鹰号	千年隼号	vehicle	LEGO China
千年鹰	千年隼	vehicle	LEGO China
灭星者驱逐舰	歼星舰	vehicle	LEGO China
灭星者	歼星舰	vehicle	LEGO China
X 翼	X翼	vehicle	LEGO China
反抗军联盟	义军联盟	faction	LEGO China
反抗军同盟	义军联盟	faction	LEGO China
反抗军	义军	faction	LEGO China
抵抗势力	抵抗组织	faction	LEGO China
第一军团	第一秩序	faction	LEGO China
绝地组织	绝地武士团	faction	LEGO China
忍武士团	伦武士团	faction	Mainland standard
风暴兵	风暴骑兵	unit	LEGO China
复制人士兵	克隆人士兵	unit	LEGO China
宇航机器人	宇航技工机器人	droid	LEGO China
宇航机械人	宇航技工机器人	droid	LEGO China
武技族	伍基族	species	Mainland standard
C3PO	C-3PO	character	LEGO China
乐高人偶	乐高小人仔	lego	LEGO China
LEGO® 人偶	LEGO® 小人仔	lego	LEGO China
LEGO®人偶	LEGO®小人仔	lego	LEGO China
品质	质量	ui	Mainland general/UI terminology
支援	支持	ui	Mainland general/UI terminology
自订	自定义	ui	Mainland UI terminology
帐号	账号	ui	Mainland UI terminology
回馈	反馈	ui	Mainland UI terminology
客制化	定制	ui	Mainland general terminology
控制器	手柄	ui	Mainland game-controller terminology; avoids defective official glyph slot
即时视频	实时影像	ui	Natural Mainland wording; avoids unstable added glyph
全像视频	全息影像	ui	Natural Mainland wording; avoids unstable added glyph
全息视频	全息影像	ui	Natural Mainland wording; avoids unstable added glyph
删除视频	删除录像	ui	Natural Mainland wording; avoids unstable added glyph
视频选项	图像选项	ui	Mainland PC graphics terminology
视频设置	图像设置	ui	Mainland PC graphics terminology
剧情视频	剧情动画	ui	Natural Mainland game terminology
太空船	飞船	vehicle	Mainland general terminology
镭射	激光	weapon	Mainland general terminology
威胁潜伏	幽灵的威胁	film	Mainland film title
拷贝人全面进攻	克隆人的进攻	film	Mainland film title
西斯大帝的复仇	西斯的复仇	film	Mainland film title
曙光乍现	新希望	film	Mainland film title
帝国大反击	帝国反击战	film	Mainland film title
绝地大反攻	绝地归来	film	Mainland film title
天行者的崛起	天行者崛起	film	Mainland film title
首部曲	第一部	ui	Mainland episode labeling
二部曲	第二部	ui	Mainland episode labeling
三部曲	第三部	ui	Mainland episode labeling
四部曲	第四部	ui	Mainland episode labeling
五部曲	第五部	ui	Mainland episode labeling
六部曲	第六部	ui	Mainland episode labeling
七部曲	第七部	ui	Mainland episode labeling
八部曲	第八部	ui	Mainland episode labeling
九部曲	第九部	ui	Mainland episode labeling
正传第三部	正传三部曲	post	Restore trilogy sense after episode-number normalization
前传第三部	前传三部曲	post	Restore trilogy sense after episode-number normalization
后传第三部	后传三部曲	post	Restore trilogy sense after episode-number normalization
